<?xml version="1.0" encoding="UTF-8" standalone="yes"?>
<addon id="repository.new_kodiland_kodifreunde" name="[COLOR lime]New Kodiland und Kodifreund REPOSITORY[/COLOR]" version="2.0.0" provider-name="[COLOR lime]New Kodiland und Kodifreunde[/COLOR]">
    <extension point="xbmc.addon.repository" name="FEUNDE FUERS LEBEN REPOSITORY">
		<info compressed="false">http://repo.kodifreunde.de/new_repo/addons.xml</info>
		<checksum>http://repo.kodifreunde.de/new_repo/addons.xml.md5</checksum>
		<datadir zip="true">https://repo.kodifreunde.de/new_repo/</datadir>
    </extension>
    <extension point="xbmc.addon.metadata">
        <summary>[COLOR lime]KODIFREUNDE[/COLOR]</summary>
        <description></description>
        <platform>all</platform>
    </extension>
</addon>