<?xml version="1.0" encoding="UTF-8" standalone="yes"?>
<addon id="repository.cabelbackup" name="[COLOR blue]Cabel Backup Repository[/COLOR]" version="1.0.0" provider-name="Cabel">
	<extension point="xbmc.addon.repository" name="Cabel Repository">
		<info compressed="false">https://raw.githubusercontent.com/cabelw1985/cabel2020/master/repo/PY3_REPO_GENERATOR_V18/repository/new_repo/addons.xml</info>
		<checksum>https://raw.githubusercontent.com/cabelw1985/cabel2020/master/repo/PY3_REPO_GENERATOR_V18/repository/new_repo/addons.xml.md5</checksum>
		<datadir zip="true">https://github.com/cabelw1985/cabel2020/raw/master/repo/PY3_REPO_GENERATOR_V18/repository/new_repo</datadir>
	</extension>
    <extension point="xbmc.addon.metadata">
	<summary></summary>
	<description></description>
	<disclaimer></disclaimer>
	<language></language>
	<platform>all</platform>
	<license></license>
	<forum></forum>
	<website></website>
	<email></email>
	<source></source>
	<news></news>
    <assets>
		<icon>resources/icon.png</icon>
		<fanart>resources/fanart.jpg</fanart>
		<banner></banner>
		<clearlogo></clearlogo>
		<screenshot></screenshot>
	</assets>
	</extension>
</addon>